summary_label	model_name	roc_auc	roc_auc_ci	average_precision	average_precision_ci	brier_score	brier_skill_score	ece	max_calibration_error	scientific_acceptance_status	scientific_acceptance_failed_criteria	selection_adjusted_empirical_p_roc_auc	permutation_p_roc_auc	delta_vs_baseline_roc_auc	delta_vs_baseline_ci	spatial_holdout_roc_auc	n_backbones	n_positive	decision_reason	selected_from_n_finalists	failure_severity	weighted_objective_score	screen_fit_seconds	compute_efficiency_score
discovery_primary	discovery_12f_source	0.8035942442746746	[0.775, 0.831]	0.722509742523147	[0.678, 0.770]	0.16945099635342542	0.2697684404195686	0.0491210616377955		fail	fail:matched_knownness,source_holdout	0.0009990009990009	0.0004997501249375	0.0812686492912453	[0.046, 0.116]	0.788854508831935	989	362		0				
governance_watch_only	phylo_support_fusion_priority	0.827138791227189	[0.800, 0.852]	0.7665059493881674	[0.725, 0.803]	0.16618095887660686	0.28386032903616454	0.0852389523508536		fail	fail:matched_knownness,source_holdout,calibration	0.0009990009990009			NA	0.8211058633592307	989	362		0				
counts_baseline	baseline_both	0.7224968498594553	[0.689, 0.756]	0.6471951497145494	[0.596, 0.698]	0.18606395543277585	0.19817660986781682	0.0393089918413468		fail	fail:matched_knownness	0.0009990009990009	0.0004997501249375		NA	0.739834474783596	989	362		0				
single_model_pareto_official	discovery_12f_source	0.8035942442746746	[0.775, 0.831]	0.722509742523147	[0.678, 0.770]	0.16945099635342542	0.2697684404195686	0.0491210616377955		fail	fail:matched_knownness	0.0049751243781094	0.0004997501249375	0.0812686492912453	[0.046, 0.116]	0.788854508831935	989	362	lowest_failure_severity_with_competitive_auc	3	1.99289845288657	0.5	0.2023035840029479	0.5
