cohort_name	model_name	status	n_backbones	n_positive	positive_prevalence	share_of_primary_eligible	roc_auc	average_precision	brier_score	ece	expected_calibration_error	max_calibration_error
overall_eligible	phylo_support_fusion_priority	ok	989	362	0.3660262891809909	1.0	0.827138791227189	0.7665059493881674	0.16618095887660683	0.08523895235085369	0.08523895235085369	0.1583484413885642
overall_eligible	discovery_12f_source	ok	989	362	0.3660262891809909	1.0	0.8035942442746746	0.722509742523147	0.16945099635342542	0.049121061637795546	0.049121061637795546	0.10232580408218639
overall_eligible	baseline_both	ok	989	362	0.3660262891809909	1.0	0.7224968498594553	0.6471951497145494	0.18606395543277585	0.03930899184134683	0.03930899184134683	0.0728166764993547
