cohort_name	model_name	status	n_backbones	n_positive	positive_prevalence	share_of_primary_eligible	roc_auc	average_precision	brier_score	ece	expected_calibration_error	max_calibration_error
overall_eligible	phylo_support_fusion_priority	ok	989	362	0.3660262891809909	1.0	0.827152008600104	0.7665387368167496	0.16617847434247654	0.08524520108214727	0.08524520108214727	0.15838974662317518
overall_eligible	bio_clean_priority	ok	989	362	0.3660262891809909	1.0	0.7454289918669099	0.6538034832512319	0.18843160555888724	0.06344924581432256	0.06344924581432256	0.16150045494081622
overall_eligible	baseline_both	ok	989	362	0.3660262891809909	1.0	0.7224968498594553	0.6471951497145494	0.18606395543277585	0.039308991841346834	0.039308991841346834	0.0728166764993547
