cohort_name	model_name	status	n_backbones	n_positive	positive_prevalence	share_of_primary_eligible	roc_auc	average_precision	brier_score	ece	expected_calibration_error	max_calibration_error
overall_eligible	discovery_boosted	ok	989	362	0.3660262891809909	1.0	0.8106192779789756	0.7211783736332109	0.17247242394600337	0.09181121584443123	0.09181121584443123	0.15922220706968016
overall_eligible	baseline_both	ok	989	362	0.3660262891809909	1.0	0.7364764246125107	0.647844936742771	0.18578185228534103	0.03973749943429981	0.03973749943429981	0.07344592658942106
overall_eligible	governance_linear	ok	989	362	0.3660262891809909	1.0	0.6916122551481667	0.603515939071214	0.2105979063513	0.1003827163977399	0.1003827163977399	0.18181607371630842
