summary_label	model_name	roc_auc	roc_auc_ci	average_precision	average_precision_ci	brier_score	brier_skill_score	ece	max_calibration_error	scientific_acceptance_status	scientific_acceptance_failed_criteria	selection_adjusted_empirical_p_roc_auc	permutation_p_roc_auc	delta_vs_baseline_roc_auc	delta_vs_baseline_ci	spatial_holdout_roc_auc	n_backbones	n_positive
discovery_primary	bio_clean_priority	0.7454289918669099	[0.714, 0.778]	0.6538034832512319	[0.605, 0.709]	0.18843160555888724	0.18797346629629663	0.0634492458143225		fail	fail:matched_knownness,source_holdout,calibration	0.0049751243781094	0.0004997501249375	0.02290774471105	[-0.020, 0.063]	0.7309133523772844	989	362
governance_watch_only	phylo_support_fusion_priority	0.827152008600104	[0.800, 0.852]	0.7665387368167496	[0.725, 0.803]	0.16617847434247657	0.28387103587927465	0.0852452010821472		fail	fail:matched_knownness,source_holdout,calibration	0.0049751243781094			NA	0.8212940693525795	989	362
counts_baseline	baseline_both	0.7224968498594553	[0.689, 0.756]	0.6471951497145494	[0.596, 0.698]	0.18606395543277585	0.19817660986781682	0.0393089918413468		fail	fail:matched_knownness	0.0049751243781094	0.0004997501249375		NA	0.739834474783596	989	362
