summary_label	model_name	roc_auc	roc_auc_ci	average_precision	average_precision_ci	brier_score	brier_skill_score	ece	max_calibration_error	scientific_acceptance_status	scientific_acceptance_failed_criteria	selection_adjusted_empirical_p_roc_auc	permutation_p_roc_auc	delta_vs_baseline_roc_auc	delta_vs_baseline_ci	spatial_holdout_roc_auc	n_backbones	n_positive
discovery_primary	parsimonious_priority	0.7505793615127724	[0.719, 0.784]	0.6591153194245379	[0.609, 0.712]	0.1867326848792296	0.1952947894174798	0.0461777627794156		not_scored	missing:selection_adjusted_empirical_p_roc_auc		0.0004997501249375		NA	0.7409561906444806	989	362
governance_watch_only	phylo_support_fusion_priority	0.8276630803528158	[0.801, 0.853]	0.7667444183653935	[0.726, 0.803]	0.16602753621100172	0.2845214881605769	0.0853079007704895		fail	fail:matched_knownness,source_holdout,calibration	0.0049751243781094			NA	0.8212940693525795	989	362
counts_baseline	baseline_both	0.7224968498594553	[0.689, 0.756]	0.6471951497145494	[0.596, 0.698]	0.18606395543277585	0.19817660986781682	0.0393089918413468		fail	fail:matched_knownness	0.0049751243781094	0.0004997501249375		NA	0.739834474783596	989	362
