model_name	optimal_threshold	optimal_threshold_cost_per_sample	optimal_threshold_utility_per_sample	optimal_threshold_utility_total	optimal_threshold_true_positive	optimal_threshold_false_positive	optimal_threshold_false_negative	optimal_threshold_true_negative	optimal_threshold_precision	optimal_threshold_recall	optimal_threshold_positive_rate	utility_grid_size	utility_grid_min_threshold	utility_grid_max_threshold
phylo_support_fusion_priority	0.1827086709604897	0.134479271991911	-0.134479271991911	-133.0	345.0	393.0	17.0	234.0	0.46747967479674796	0.9530386740331491	0.7462082912032356	1089.0	0.0	1.0
host_transfer_synergy_priority	0.2793778364406984	0.14256825075834176	-0.14256825075834176	-141.0	340.0	371.0	22.0	256.0	0.4781997187060478	0.9392265193370166	0.7189079878665319	1086.0	0.0	1.0
knownness_robust_priority	0.2813450821389265	0.14964610717896865	-0.14964610717896865	-148.0	338.0	366.0	24.0	261.0	0.48011363636363635	0.9337016574585635	0.7118301314459049	1083.0	0.0	1.0
natural_auc_priority	0.15	0.16177957532861476	-0.16177957532861476	-160.0	343.0	408.0	19.0	219.0	0.4567243675099867	0.9475138121546961	0.7593528816986855	1086.0	0.0	1.0
threat_architecture_priority	0.2464824875715759	0.23356926188068755	-0.23356926188068755	-231.0	354.0	545.0	8.0	82.0	0.39377085650723026	0.9779005524861878	0.9089989888776542	1089.0	0.0	1.0
baseline_both	0.2131140457948944	0.2659251769464105	-0.2659251769464105	-263.0	362.0	625.0	0.0	2.0	0.3667679837892604	1.0	0.9979777553083923	1047.0	0.0	1.0
bio_clean_priority	0.0	0.2679474216380182	-0.2679474216380182	-265.0	362.0	627.0	0.0	0.0	0.3660262891809909	1.0	1.0	1077.0	0.0	1.0
parsimonious_priority	0.0	0.2679474216380182	-0.2679474216380182	-265.0	362.0	627.0	0.0	0.0	0.3660262891809909	1.0	1.0	1083.0	0.0	1.0
