priority_group	n_sequences	n_with_amrfinder_hits	n_with_any_amr_evidence	mean_gene_jaccard	median_gene_jaccard	mean_gene_jaccard_nonempty	median_gene_jaccard_nonempty	mean_class_jaccard	median_class_jaccard	mean_class_jaccard_nonempty	median_class_jaccard_nonempty	mean_shared_gene_count	mean_shared_class_count
high	20	16	16	0.7360061327561328	0.8452380952380952	0.6700076659451659	0.72	0.7293315018315019	0.8660714285714286	0.6616643772893773	0.7980769230769231	4.9	3.35
low	20	2	4	0.8949999999999999	1.0	0.475	0.45	0.9	1.0	0.5	0.5	0.6	0.55
overall	40	18	20	0.8155030663780665	1.0	0.6310061327561327	0.72	0.814665750915751	1.0	0.6293315018315019	0.7980769230769231	2.75	1.95
