prediction_bin	mean_prediction	observed_rate	n_backbones	prediction_bin_index	observed_rate_se	observed_rate_ci_lower	observed_rate_ci_upper	absolute_calibration_gap
(0.149, 0.173]	0.16849331869196296	0.20161290322580644	124	1	0.03602923773273814	0.1404555297898297	0.28070315408146096	0.03311958453384348
(0.173, 0.179]	0.17596000791804328	0.16129032258064516	124	2	0.033029282514264055	0.10690383789562934	0.23603304649880874	0.014669685337398125
(0.179, 0.262]	0.20131291993372782	0.18699186991869918	123	3	0.03515655006139785	0.12795746795510443	0.2649861719863658	0.014321050015028647
(0.262, 0.288]	0.2730904822243837	0.20967741935483872	124	4	0.03655671677918656	0.1472978818443016	0.28950516192235964	0.06341306286954498
(0.288, 0.335]	0.310715458598558	0.3902439024390244	123	5	0.043983884617923526	0.308610087268568	0.47852599426935016	0.07952844384046642
(0.335, 0.419]	0.3643542322862305	0.41935483870967744	124	6	0.04431343256996376	0.3362044785056739	0.5073519225406208	0.05500060642344695
(0.419, 0.588]	0.49693363528961965	0.5772357723577236	123	7	0.04454235542235718	0.48889394915995515	0.6608991786466951	0.08030213706810396
(0.588, 0.956]	0.7571596947426645	0.782258064516129	124	8	0.0370625435881383	0.7017324571463032	0.845820139191665	0.02509836977346447
