prediction_bin	mean_prediction	observed_rate	n_backbones	prediction_bin_index	observed_rate_se	observed_rate_ci_lower	observed_rate_ci_upper	absolute_calibration_gap
(0.0014299999999999998, 0.0185]	0.012894994833754	0.0	124	1	0.0	0.0	0.0300496864870276	0.012894994833754
(0.0185, 0.0585]	0.0313839013393106	0.0	124	2	0.0	0.0	0.0300496864870276	0.0313839013393106
(0.0585, 0.194]	0.1112664959607256	0.032520325203252	123	3	0.0159935844993427	0.0127175527444634	0.0806398315837065	0.0787461707574735
(0.194, 0.462]	0.3092492267419545	0.1290322580645161	124	4	0.030105049201851	0.0810076182714355	0.1993518265415205	0.1802169686774384
(0.462, 0.701]	0.5923877300909787	0.3577235772357723	123	5	0.0432197466467195	0.278503383040199	0.4455619078422875	0.2346641528552063
(0.701, 0.852]	0.7836140575487517	0.6612903225806451	124	6	0.0425009897267899	0.5742597639590757	0.7386274339483346	0.1223237349681065
(0.852, 0.964]	0.9136467233413758	0.7642276422764228	123	7	0.0382741239147204	0.6819203563295012	0.830529817745881	0.1494190810649529
(0.964, 1.0]	0.9848354499956704	0.9838709677419356	124	8	0.0113125988060139	0.9430958652666754	0.9955657284555556	0.000964482253735
