model_name	n_backbones	mean_prediction	observed_rate	brier_score	expected_calibration_error
support_synergy_priority	989	0.4671923589002221	0.3660262891809909	0.1137182001286246	0.1013805961590645
bio_clean_priority	989	0.2489395688252283	0.3660262891809909	0.200221904800003	0.11728097142003
knownness_robust_priority	989	0.4518761270515534	0.3660262891809909	0.152297927870062	0.0872336564141438
host_transfer_synergy_priority	989	0.4511289913406502	0.3660262891809909	0.151893325961265	0.0855045067565605
ecology_clinical_priority	989	0.319054613101909	0.3660262891809909	0.1585438064686291	0.0652439197699462
full_priority	989	0.3661496230378124	0.3660262891809909	0.0899335844197404	0.0265007701286285
baseline_both	989	0.3661314254101767	0.3660262891809909	0.0899371728840245	0.0345642475059453
baseline_country_count	989	0.3658680975792024	0.3660262891809909	0.2208000020152256	0.0397996014295679
source_only	989	0.36617141064126	0.3660262891809909	0.2266455629628078	0.0820441991265724
