priority_group	n_backbones	n_with_any_card_support	mean_card_match_fraction	median_card_match_fraction	mean_card_gene_family_count	mean_card_mechanism_count	mean_card_drug_class_count
high	247	176	0.4729092262444822	0.5555555555555556	5.02834008097166	14.635627530364372	2.1497975708502026
low	247	32	0.10298025301539777	0.0	0.4493927125506073	0.9919028340080972	0.27530364372469635
