priority_group	n_backbones	n_with_any_card_support	mean_card_match_fraction	median_card_match_fraction	mean_card_gene_family_count	mean_card_mechanism_count	mean_card_drug_class_count
high	247	206	0.5598457974798308	0.6161616161616161	6.364372469635628	18.149797570850204	2.688259109311741
low	247	20	0.0710172868067604	0.0	0.1295546558704453	0.1659919028340081	0.1336032388663967
