model_name	feature	mean_coef	std_coef	cv_of_coef	sign_stable	fold_1_coef	fold_2_coef	fold_3_coef	fold_4_coef	fold_5_coef	min_coefficient	max_coefficient	n_fits	positive_fraction	sign_stability	abs_mean_coefficient
bio_clean_priority	orit_support	1.7391325210247015	0.1330063092285083	0.07647853606356612	True	1.6348459218609914	1.824979733310205	1.606881555281828	1.9232737575340793	1.705681637136404	1.606881555281828	1.9232737575340793	5	1.0	positive	1.7391325210247015
bio_clean_priority	H_obs_specialization_norm	0.7859960072390247	0.20989360044257271	0.26704156065610035	True	0.8050359546920572	0.4214127738458878	0.9399005668437914	0.902892919762871	0.8607378210505165	0.4214127738458878	0.9399005668437914	5	1.0	positive	0.7859960072390247
bio_clean_priority	T_raw_norm	0.577595062860022	0.11794361157073309	0.20419774882895125	True	0.6916778084403185	0.45924972028081096	0.46703859141915105	0.5649765795586535	0.7050326146011763	0.45924972028081096	0.7050326146011763	5	1.0	positive	0.577595062860022
bio_clean_priority	A_raw_norm	0.13908779018551481	0.03942735426549521	0.28347099492275446	True	0.12681514703054714	0.10606998496800585	0.12264999082490274	0.20738106241398688	0.13252276569013152	0.10606998496800585	0.20738106241398688	5	1.0	positive	0.13908779018551481
