model_name	feature_name	feature_rank	roc_auc_without_feature	roc_auc_drop_vs_full	average_precision_without_feature	brier_without_feature	n_backbones
bio_clean_priority	orit_support	4	0.7065897415563016	0.04019843682536328	0.6022782666840207	0.20242152368925714	989
bio_clean_priority	H_obs_specialization_norm	2	0.7100218527232194	0.03676632565844551	0.6106078451321976	0.19804263706818853	989
bio_clean_priority	A_raw_norm	3	0.7199150563500665	0.026873122031598418	0.6437981763440577	0.1929165317944019	989
bio_clean_priority	T_raw_norm	1	0.7243582965449787	0.02242988183668615	0.6389138930040639	0.1914122899493504	989
bio_clean_priority	__full_model__	0	0.7467881783816649	0.0	0.660052719022453	0.18735091069790924	989
