model_name	feature_name	feature_rank	roc_auc_without_feature	roc_auc_drop_vs_full	average_precision_without_feature	brier_without_feature	n_backbones
bio_clean_priority	orit_support	4	0.7054111924713844	0.04001779939552552	0.5905776833049542	0.20324325911398314	989
bio_clean_priority	H_obs_specialization_norm	2	0.7104734462978138	0.03495554556909608	0.6072028668831451	0.19889656070802744	989
bio_clean_priority	T_raw_norm	1	0.718943579440817	0.026485412426092925	0.6338307790949446	0.1924189241397214	989
bio_clean_priority	A_raw_norm	3	0.7199150563500665	0.025513935516843445	0.6437981763440577	0.1929165317944019	989
bio_clean_priority	__full_model__	0	0.7454289918669099	0.0	0.6538034832512319	0.18843160555888724	989
