member_count_band	country_count_band	source_band	n_backbones	n_positive	mean_knownness_score	primary_roc_auc	baseline_roc_auc	delta_roc_auc
1	1	refseq_leaning	521	104	0.4455679137175599	0.7070766463752075	0.4467579782327984	0.2603186681424091
10_plus	3_4	refseq_leaning	27	24	0.7611254665518232	0.8611111111111112	0.625	0.23611111111111116
5_9	3_4	refseq_leaning	39	30	0.7945995696248477	0.6259259259259259	0.40370370370370373	0.22222222222222215
1	1	insd_leaning	63	13	0.2613751263902933	0.56	0.3630769230769231	0.19692307692307698
3_4	3_4	refseq_leaning	37	18	0.720069412182658	0.7748538011695907	0.6228070175438597	0.15204678362573099
3_4	1	refseq_leaning	209	115	0.5606512143950279	0.6777983348751156	0.5512025901942645	0.1265957446808511
5_9	1	refseq_leaning	50	38	0.6149174250084259	0.5899122807017544	0.46600877192982454	0.12390350877192985
3_4	1	insd_leaning	26	8	0.4129916258328797	0.4097222222222222	0.4027777777777778	0.00694444444444442
