member_count_band	country_count_band	source_band	n_backbones	n_positive	mean_knownness_score	primary_roc_auc	baseline_roc_auc	delta_roc_auc
1	1	refseq_leaning	521	104	0.4455679137175599	0.7069037078029884	0.4467579782327984	0.26014572957019
5_9	3_4	refseq_leaning	39	30	0.7945995696248477	0.6296296296296297	0.40370370370370373	0.22592592592592592
10_plus	3_4	refseq_leaning	27	24	0.7611254665518232	0.8472222222222222	0.625	0.2222222222222222
1	1	insd_leaning	63	13	0.2613751263902933	0.5753846153846154	0.3630769230769231	0.2123076923076923
3_4	3_4	refseq_leaning	37	18	0.720069412182658	0.7602339181286549	0.6228070175438597	0.13742690058479523
5_9	1	refseq_leaning	50	38	0.6149174250084259	0.5964912280701754	0.46600877192982454	0.13048245614035087
3_4	1	refseq_leaning	209	115	0.5606512143950279	0.6705827937095282	0.5512025901942645	0.11938020351526368
3_4	1	insd_leaning	26	8	0.4129916258328797	0.4166666666666667	0.4027777777777778	0.013888888888888895
