{
  "baseline_both": {
    "average_precision": 0.6480920148053041,
    "average_precision_ci_lower": 0.5964058503245735,
    "average_precision_ci_upper": 0.6982736378644377,
    "average_precision_enrichment": 1.7706160293990214,
    "average_precision_lift": 0.2820657256243132,
    "brier_score": 0.18605804970344936,
    "brier_score_ci_lower": 0.1746093133472829,
    "brier_score_ci_upper": 0.198543582811287,
    "n_backbones": 989,
    "n_positive": 362,
    "positive_prevalence": 0.3660262891809909,
    "precision_at_top_10": 0.9,
    "precision_at_top_25": 0.88,
    "recall_at_top_10": 0.024861878453038673,
    "recall_at_top_25": 0.06077348066298342,
    "roc_auc": 0.7228140668094143,
    "roc_auc_ci_lower": 0.6887072141880525,
    "roc_auc_ci_upper": 0.7561028037202578
  },
  "baseline_country_count": {
    "average_precision": 0.4546556319193525,
    "average_precision_ci_lower": 0.405878480813345,
    "average_precision_ci_upper": 0.5110718955681794,
    "average_precision_enrichment": 1.24213928168022,
    "average_precision_lift": 0.0886293427383616,
    "brier_score": 0.22080000201522562,
    "brier_score_ci_lower": 0.21223681800461688,
    "brier_score_ci_upper": 0.23039878481636622,
    "n_backbones": 989,
    "n_positive": 362,
    "positive_prevalence": 0.3660262891809909,
    "precision_at_top_10": 0.6,
    "precision_at_top_25": 0.72,
    "recall_at_top_10": 0.016574585635359115,
    "recall_at_top_25": 0.049723756906077346,
    "roc_auc": 0.5414981451620009,
    "roc_auc_ci_lower": 0.5061736522941755,
    "roc_auc_ci_upper": 0.5835448413871931
  },
  "baseline_member_count": {
    "average_precision": 0.6491882720775742,
    "average_precision_ci_lower": 0.5994531229811645,
    "average_precision_ci_upper": 0.6990318171841519,
    "average_precision_enrichment": 1.7736110527202236,
    "average_precision_lift": 0.28316198289658334,
    "brier_score": 0.18618711515400904,
    "brier_score_ci_lower": 0.17492639053144696,
    "brier_score_ci_upper": 0.1987591774318339,
    "n_backbones": 989,
    "n_positive": 362,
    "positive_prevalence": 0.3660262891809909,
    "precision_at_top_10": 0.9,
    "precision_at_top_25": 0.88,
    "recall_at_top_10": 0.024861878453038673,
    "recall_at_top_25": 0.06077348066298342,
    "roc_auc": 0.7228757478830174,
    "roc_auc_ci_lower": 0.6890655749566207,
    "roc_auc_ci_upper": 0.7564444443248945
  },
  "bio_clean_priority": {
    "average_precision": 0.6684737335859515,
    "average_precision_ci_lower": 0.6195153259746462,
    "average_precision_ci_upper": 0.7222453364149298,
    "average_precision_enrichment": 1.826299785957199,
    "average_precision_lift": 0.30244744440496063,
    "brier_score": 0.18383232814031275,
    "brier_score_ci_lower": 0.17193422838127176,
    "brier_score_ci_upper": 0.19698194804088445,
    "n_backbones": 989,
    "n_positive": 362,
    "positive_prevalence": 0.3660262891809909,
    "precision_at_top_10": 0.9,
    "precision_at_top_25": 0.8,
    "recall_at_top_10": 0.024861878453038673,
    "recall_at_top_25": 0.055248618784530384,
    "roc_auc": 0.7606135504507124,
    "roc_auc_ci_lower": 0.7285637853922078,
    "roc_auc_ci_upper": 0.7900468361793083
  },
  "conservative_model_name": "bio_clean_priority",
  "ecology_clinical_priority": {
    "average_precision": 0.7004017328309748,
    "average_precision_ci_lower": 0.6528618243811861,
    "average_precision_ci_upper": 0.7520772697850988,
    "average_precision_enrichment": 1.91352849107689,
    "average_precision_lift": 0.33437544364998395,
    "brier_score": 0.17507873680659017,
    "brier_score_ci_lower": 0.16316330429587958,
    "brier_score_ci_upper": 0.18787136833764317,
    "n_backbones": 989,
    "n_positive": 362,
    "positive_prevalence": 0.3660262891809909,
    "precision_at_top_10": 0.9,
    "precision_at_top_25": 0.88,
    "recall_at_top_10": 0.024861878453038673,
    "recall_at_top_25": 0.06077348066298342,
    "roc_auc": 0.7941129821036771,
    "roc_auc_ci_lower": 0.766298619391274,
    "roc_auc_ci_upper": 0.8211470447258431
  },
  "full_priority": {
    "average_precision": 0.6989948362063035,
    "average_precision_ci_lower": 0.6475880232167132,
    "average_precision_ci_upper": 0.7487959998967674,
    "average_precision_enrichment": 1.9096847873150116,
    "average_precision_lift": 0.33296854702531264,
    "brier_score": 0.17453883381297056,
    "brier_score_ci_lower": 0.16323090266812876,
    "brier_score_ci_upper": 0.18802550410524854,
    "n_backbones": 989,
    "n_positive": 362,
    "positive_prevalence": 0.3660262891809909,
    "precision_at_top_10": 0.8,
    "precision_at_top_25": 0.88,
    "recall_at_top_10": 0.022099447513812154,
    "recall_at_top_25": 0.06077348066298342,
    "roc_auc": 0.7798822772652374,
    "roc_auc_ci_lower": 0.7487095269907929,
    "roc_auc_ci_upper": 0.8091516841563516
  },
  "host_transfer_synergy_priority": {
    "average_precision": 0.7139649121837749,
    "average_precision_ci_lower": 0.6685844349037642,
    "average_precision_ci_upper": 0.7620639162159152,
    "average_precision_enrichment": 1.95058369654628,
    "average_precision_lift": 0.347938623002784,
    "brier_score": 0.1863235714887752,
    "brier_score_ci_lower": 0.17605559373719445,
    "brier_score_ci_upper": 0.19786862949237102,
    "n_backbones": 989,
    "n_positive": 362,
    "positive_prevalence": 0.3660262891809909,
    "precision_at_top_10": 1.0,
    "precision_at_top_25": 0.92,
    "recall_at_top_10": 0.027624309392265192,
    "recall_at_top_25": 0.06353591160220995,
    "roc_auc": 0.8035810269017597,
    "roc_auc_ci_lower": 0.7757777066275343,
    "roc_auc_ci_upper": 0.8299694428081463
  },
  "knownness_robust_priority": {
    "average_precision": 0.7127892714735647,
    "average_precision_ci_lower": 0.6664445148735441,
    "average_precision_ci_upper": 0.7615570204506553,
    "average_precision_enrichment": 1.9473717941639657,
    "average_precision_lift": 0.34676298229257385,
    "brier_score": 0.18544676936592835,
    "brier_score_ci_lower": 0.17496461832562898,
    "brier_score_ci_upper": 0.19673358910464817,
    "n_backbones": 989,
    "n_positive": 362,
    "positive_prevalence": 0.3660262891809909,
    "precision_at_top_10": 1.0,
    "precision_at_top_25": 0.96,
    "recall_at_top_10": 0.027624309392265192,
    "recall_at_top_25": 0.06629834254143646,
    "roc_auc": 0.80400838862601,
    "roc_auc_ci_lower": 0.7758569875597171,
    "roc_auc_ci_upper": 0.8308932719200374
  },
  "label_permutation": {
    "average_precision": 0.38080139092861975,
    "average_precision_ci_lower": 0.34012698058688545,
    "average_precision_ci_upper": 0.4304412891015012,
    "average_precision_enrichment": 1.0403662310176933,
    "average_precision_lift": 0.01477510174762886,
    "brier_score": 0.23547747612069253,
    "brier_score_ci_lower": 0.22633101217073945,
    "brier_score_ci_upper": 0.2447913947803612,
    "n_backbones": 989,
    "n_positive": 362,
    "positive_prevalence": 0.3660262891809909,
    "precision_at_top_10": 0.5,
    "precision_at_top_25": 0.48,
    "recall_at_top_10": 0.013812154696132596,
    "recall_at_top_25": 0.03314917127071823,
    "roc_auc": 0.5006432454818613,
    "roc_auc_ci_lower": 0.4666910485623765,
    "roc_auc_ci_upper": 0.5383713034951928
  },
  "natural_auc_priority": {
    "average_precision": 0.6967047148320559,
    "average_precision_ci_lower": 0.6489056771104976,
    "average_precision_ci_upper": 0.7485852948986557,
    "average_precision_enrichment": 1.9034280744997327,
    "average_precision_lift": 0.330678425651065,
    "brier_score": 0.1771861992330844,
    "brier_score_ci_lower": 0.16535649067684752,
    "brier_score_ci_upper": 0.18989984051293507,
    "n_backbones": 989,
    "n_positive": 362,
    "positive_prevalence": 0.3660262891809909,
    "precision_at_top_10": 0.9,
    "precision_at_top_25": 0.92,
    "recall_at_top_10": 0.024861878453038673,
    "recall_at_top_25": 0.06353591160220995,
    "roc_auc": 0.7858345008679408,