{
  "baseline_both": {
    "average_precision": 0.9081610837399745,
    "average_precision_ci_lower": 0.8802953026944756,
    "average_precision_ci_upper": 0.9327390146049356,
    "average_precision_enrichment": 2.481136220494019,
    "average_precision_lift": 0.5421347945589836,
    "brier_score": 0.08993717288402457,
    "brier_score_ci_lower": 0.07906704778101455,
    "brier_score_ci_upper": 0.10246962215318296,
    "n_backbones": 989,
    "n_positive": 362,
    "positive_prevalence": 0.3660262891809909,
    "precision_at_top_10": 1.0,
    "precision_at_top_100": 0.99,
    "precision_at_top_25": 1.0,
    "recall_at_top_10": 0.027624309392265192,
    "recall_at_top_100": 0.27348066298342544,
    "recall_at_top_25": 0.06906077348066299,
    "roc_auc": 0.9475732903328135,
    "roc_auc_ci_lower": 0.9339402949808301,
    "roc_auc_ci_upper": 0.9594125516047745
  },
  "baseline_country_count": {
    "average_precision": 0.45458406256867223,
    "average_precision_ci_lower": 0.4079005546854399,
    "average_precision_ci_upper": 0.5131026339972999,
    "average_precision_enrichment": 1.2419437510508753,
    "average_precision_lift": 0.08855777338768134,
    "brier_score": 0.22080000201522562,
    "brier_score_ci_lower": 0.21223681800461688,
    "brier_score_ci_upper": 0.23039878481636622,
    "n_backbones": 989,
    "n_positive": 362,
    "positive_prevalence": 0.3660262891809909,
    "precision_at_top_10": 0.6,
    "precision_at_top_100": 0.68,
    "precision_at_top_25": 0.72,
    "recall_at_top_10": 0.016574585635359115,
    "recall_at_top_100": 0.1878453038674033,
    "recall_at_top_25": 0.049723756906077346,
    "roc_auc": 0.5414981451620009,
    "roc_auc_ci_lower": 0.5061736522941755,
    "roc_auc_ci_upper": 0.5835448413871932
  },
  "baseline_member_count": {
    "average_precision": 0.9073905915405548,
    "average_precision_ci_lower": 0.8798750602999411,
    "average_precision_ci_upper": 0.9318787271028038,
    "average_precision_enrichment": 2.4790312017503005,
    "average_precision_lift": 0.5413643023595639,
    "brier_score": 0.09065917343394636,
    "brier_score_ci_lower": 0.0797805669525302,
    "brier_score_ci_upper": 0.10314673113419127,
    "n_backbones": 989,
    "n_positive": 362,
    "positive_prevalence": 0.3660262891809909,
    "precision_at_top_10": 1.0,
    "precision_at_top_100": 0.99,
    "precision_at_top_25": 1.0,
    "recall_at_top_10": 0.027624309392265192,
    "recall_at_top_100": 0.27348066298342544,
    "recall_at_top_25": 0.06906077348066299,
    "roc_auc": 0.9467560161075718,
    "roc_auc_ci_lower": 0.9328607929567256,
    "roc_auc_ci_upper": 0.9587690951138066
  },
  "bio_clean_priority": {
    "average_precision": 0.6631649686284598,
    "average_precision_ci_lower": 0.6129943006562298,
    "average_precision_ci_upper": 0.7177617865644159,
    "average_precision_enrichment": 1.8117960054517865,
    "average_precision_lift": 0.29713867944746886,
    "brier_score": 0.20022190480000301,
    "brier_score_ci_lower": 0.18420133933234792,
    "brier_score_ci_upper": 0.21835300717688227,
    "n_backbones": 989,
    "n_positive": 362,
    "positive_prevalence": 0.3660262891809909,
    "precision_at_top_10": 0.8,
    "precision_at_top_100": 0.79,
    "precision_at_top_25": 0.72,
    "recall_at_top_10": 0.022099447513812154,
    "recall_at_top_100": 0.21823204419889503,
    "recall_at_top_25": 0.049723756906077346,
    "roc_auc": 0.7830103888551112,
    "roc_auc_ci_lower": 0.7526023999145893,
    "roc_auc_ci_upper": 0.8106071295091166
  },
  "conservative_model_name": "bio_clean_priority",
  "ecology_clinical_priority": {
    "average_precision": 0.7552452558180572,
    "average_precision_ci_lower": 0.715284330820988,
    "average_precision_ci_upper": 0.7992238178711135,
    "average_precision_enrichment": 2.0633634199007145,
    "average_precision_lift": 0.38921896663706634,
    "brier_score": 0.1585438064686291,
    "brier_score_ci_lower": 0.14482783942189517,
    "brier_score_ci_upper": 0.17351789143817004,
    "n_backbones": 989,
    "n_positive": 362,
    "positive_prevalence": 0.3660262891809909,
    "precision_at_top_10": 1.0,
    "precision_at_top_100": 0.87,
    "precision_at_top_25": 1.0,
    "recall_at_top_10": 0.027624309392265192,
    "recall_at_top_100": 0.24033149171270718,
    "recall_at_top_25": 0.06906077348066299,
    "roc_auc": 0.8434225946584191,
    "roc_auc_ci_lower": 0.819181728965392,
    "roc_auc_ci_upper": 0.867340723537911
  },
  "full_priority": {
    "average_precision": 0.9102004631187947,
    "average_precision_ci_lower": 0.8842853621318607,
    "average_precision_ci_upper": 0.9340428594086589,
    "average_precision_enrichment": 2.4867078950952703,
    "average_precision_lift": 0.5441741739378038,
    "brier_score": 0.08993358441974039,
    "brier_score_ci_lower": 0.07923787148090868,
    "brier_score_ci_upper": 0.10220229064983377,
    "n_backbones": 989,
    "n_positive": 362,
    "positive_prevalence": 0.3660262891809909,
    "precision_at_top_10": 1.0,
    "precision_at_top_100": 0.99,
    "precision_at_top_25": 1.0,
    "recall_at_top_10": 0.027624309392265192,
    "recall_at_top_100": 0.27348066298342544,
    "recall_at_top_25": 0.06906077348066299,
    "roc_auc": 0.9482539850379339,
    "roc_auc_ci_lower": 0.9346517556277137,
    "roc_auc_ci_upper": 0.9599915134380964
  },
  "host_transfer_synergy_priority": {
    "average_precision": 0.7910940580554292,
    "average_precision_ci_lower": 0.7521786795973178,
    "average_precision_ci_upper": 0.8289077929855392,
    "average_precision_enrichment": 2.1613039320906617,
    "average_precision_lift": 0.4250677688744383,
    "brier_score": 0.15189332596126506,
    "brier_score_ci_lower": 0.13980609241531525,
    "brier_score_ci_upper": 0.16410432555991525,
    "n_backbones": 989,
    "n_positive": 362,
    "positive_prevalence": 0.3660262891809909,
    "precision_at_top_10": 1.0,
    "precision_at_top_100": 0.94,
    "precision_at_top_25": 1.0,
    "recall_at_top_10": 0.027624309392265192,
    "recall_at_top_100": 0.2596685082872928,
    "recall_at_top_25": 0.06906077348066299,
    "roc_auc": 0.8630151471093606,
    "roc_auc_ci_lower": 0.8403091205211726,
    "roc_auc_ci_upper": 0.8855980460683807
  },
  "knownness_robust_priority": {
    "average_precision": 0.7909226757346244,
    "average_precision_ci_lower": 0.7511144182533996,
    "average_precision_ci_upper": 0.8293100008400281,
    "average_precision_enrichment": 2.1608357080153135,
    "average_precision_lift": 0.4248963865536335,
    "brier_score": 0.152297927870062,
    "brier_score_ci_lower": 0.14036526235034869,
    "brier_score_ci_upper": 0.16416947528332562,
    "n_backbones": 989,
    "n_positive": 362,
    "positive_prevalence": 0.3660262891809909,
    "precision_at_top_10": 1.0,
    "precision_at_top_100": 0.93,
    "precision_at_top_25": 1.0,
    "recall_at_top_10": 0.027624309392265192,
    "recall_at_top_100": 0.2569060773480663,
    "recall_at_top_25": 0.06906077348066299,
    "roc_auc": 0.8628873791711826,
    "roc_auc_ci_lower": 0.8404760181464892,
    "roc_auc_ci_upper": 0.8845838415466676
  },
  "label_permutation": {
    "average_precision": 0.3805542340202861,
    "average_precision_ci_lower": 0.3414737030736994,
    "average_precision_ci_upper": 0.42938154657201993,
    "average_precision_enrichment": 1.0396909874200635,
    "average_precision_lift": 0.014527944839295204,
    "brier_score": 0.23642742303789824,
    "brier_score_ci_lower": 0.22798854982010788,
    "brier_score_ci_upper": 0.24566090799554285,
    "n_backbones": 989,
    "n_positive": 362,
    "positive_prevalence": 0.3660262891809909,
    "precision_at_top_10": 0.6,
    "precision_at_top_100": 0.38,
    "precision_at_top_25": 0.44,
    "recall_at_top_10": 0.016574585635359115,
    "recall_at_top_100": 0.10497237569060773,
    "recall_at_top_25": 0.03038674033149171,
    "roc_auc": 0.5109043326548415,
    "roc_auc_ci_lower": 0.472680310508224,
    "roc_auc_ci_upper": 0.5467408516582329
  },