audit_name	feature_columns	n_features	roc_auc	average_precision	brier_score	delta_roc_auc_vs_primary	delta_average_precision_vs_primary	delta_brier_vs_primary
primary_model	T_raw_norm,H_obs_specialization_norm,A_raw_norm,orit_support	4	0.7467309030990333	0.6599423534545295	0.1873657189744724	0.0	0.0	0.0
negative_control_noise_a_only	negative_control_noise_a	1	0.513019112321235	0.36540110192922876	0.23377287837869626	-0.23371179077779836	-0.2945412515253007	0.04640715940422385
negative_control_noise_ab_only	negative_control_noise_a,negative_control_noise_b	2	0.4981407562099624	0.3554619917959705	0.23453174434264973	-0.24859014688907094	-0.30448036165855896	0.04716602536817732
negative_control_length_only	negative_control_length	1	0.505359644717016	0.3650592714027808	0.23379057863305722	-0.24137125838201734	-0.2948830820517486	0.04642485965858481
primary_plus_negative_control_a	T_raw_norm,H_obs_specialization_norm,A_raw_norm,orit_support,negative_control_noise_a	5	0.7473895688492955	0.6568489624029595	0.18735694651748058	0.0006586657502621884	-0.003093391051569916	-8.772456991823496e-06
primary_plus_negative_control_ab	T_raw_norm,H_obs_specialization_norm,A_raw_norm,orit_support,negative_control_noise_a,negative_control_noise_b	6	0.7437547912976816	0.6558758788001013	0.187996656929202	-0.0029761118013517107	-0.004066474654428109	0.000630937954729599
