deconfounding_method	model_name	status	residual_knownness_abs_corr	roc_auc	average_precision	positive_prevalence	average_precision_lift	average_precision_enrichment	brier_score	precision_at_top_10	recall_at_top_10	precision_at_top_25	recall_at_top_25	n_backbones	n_positive
linear_existing	linear_existing_proxy_depleted_priority	ok	0.28412337738635723	0.7693612484249297	0.6762244482405128	0.3660262891809909	0.31019815905952186	1.8474750809664837	0.17978006431699614	1.0	0.027624309392265192	0.8	0.055248618784530384	989	362
quadratic	quadratic_proxy_depleted_priority	ok	8.278500776760283e-15	0.7594878708574551	0.6718055678977076	0.3660262891809909	0.30577927871671673	1.8354025045603117	0.18110130375288622	0.9	0.024861878453038673	0.84	0.058011049723756904	989	362
stratified	stratified_proxy_depleted_priority	ok	0.0618481895516212	0.7630653731264374	0.6752910883046008	0.3660262891809909	0.30926479912360993	1.8449251003680947	0.18027893980795215	0.9	0.024861878453038673	0.8	0.055248618784530384	989	362
