deconfounding_method	model_name	status	residual_knownness_abs_corr	roc_auc	average_precision	positive_prevalence	average_precision_lift	average_precision_enrichment	brier_score	log_loss	expected_calibration_error	max_calibration_error	ndcg_at_10	ndcg_at_25	brier_reliability	brier_resolution	brier_uncertainty	precision_at_top_10	recall_at_top_10	precision_at_top_25	recall_at_top_25	optimal_decision_threshold	decision_utility_score	decision_utility_cost	decision_utility_precision	decision_utility_recall	decision_utility_positive_rate	decision_utility_grid_size	n_backbones	n_positive	weighted_classification_cost	novelty_adjusted_average_precision
linear_existing	linear_existing_proxy_depleted_priority	ok	0.26701352437524706	0.7533484011384564	0.6636694599392897	0.3660262891809909	0.2976431707582988	1.8131742980109324	0.1828208068032179	0.5500389066461333	0.04072698510261118	0.0907672016621138	0.8611375561264456	0.8383049195008339	0.0024767162868916245	0.051287965302985655	0.23205104480938452	0.9	0.024861878453038673	0.84	0.058011049723756904	0.18596467818643816	-0.25985844287158744	0.25985844287158744	0.4725111441307578	0.8784530386740331	0.6804853387259858	1065.0	989	362	0.25985844287158744	0.11250331611768616
quadratic	quadratic_proxy_depleted_priority	ok	7.0303377116915775e-15	0.7653321525813529	0.6653945145608003	0.3660262891809909	0.29936822537980945	1.8178872234824075	0.1829866452870099	0.54953707627691	0.028817831931697964	0.06658935434767865	0.77990823370192	0.7947737828839819	0.0011746384467729025	0.050331765805691264	0.23205104480938452	0.9	0.024861878453038673	0.84	0.058011049723756904	0.18551122272773402	-0.23255813953488372	0.23255813953488372	0.47430249632892807	0.8922651933701657	0.6885743174924166	1065.0	989	362	0.23255813953488372	0.11359845175402976
stratified	stratified_proxy_depleted_priority	ok	0.09147170600876367	0.7566659617401112	0.6649730283410371	0.3660262891809909	0.2989467391600462	1.8167357045007893	0.18297919692762504	0.5501618806674282	0.045152818306662734	0.07548026377019851	0.8611375561264456	0.8401147401104967	0.0026485139205637805	0.05084243365710733	0.23205104480938452	0.9	0.024861878453038673	0.84	0.058011049723756904	0.16958636632332824	-0.24974721941354905	0.24974721941354905	0.45646067415730335	0.8977900552486188	0.7199191102123357	1059.0	989	362	0.24974721941354905	0.11345406819592177
