deconfounding_method	model_name	status	residual_knownness_abs_corr	roc_auc	average_precision	positive_prevalence	average_precision_lift	average_precision_enrichment	brier_score	precision_at_top_10	recall_at_top_10	precision_at_top_25	recall_at_top_25	precision_at_top_100	recall_at_top_100	n_backbones	n_positive
linear_existing	linear_existing_proxy_depleted_priority	ok	0.2326068798962866	0.7712028690510806	0.7037363430398071	0.3660262891809909	0.3377100538588162	1.9226387935535063	0.1755574021770796	1.0	0.0276243093922651	0.88	0.0607734806629834	0.85	0.2348066298342541	989	362
quadratic	quadratic_proxy_depleted_priority	ok	6.553487125235967e-14	0.7800364799492452	0.6972668853746702	0.3660262891809909	0.3312405961936793	1.904963949269472	0.175189149080287	1.0	0.0276243093922651	0.88	0.0607734806629834	0.84	0.2320441988950276	989	362
stratified	stratified_proxy_depleted_priority	ok	0.1181364673651951	0.7786927137028912	0.6740337333127354	0.3660262891809909	0.3080074441317445	1.841489950956617	0.1804797110612106	0.9	0.0248618784530386	0.8	0.0552486187845303	0.83	0.2292817679558011	989	362
