cohort_name	model_name	feature_family	n_features	n_splits	n_repeats	status	roc_auc	average_precision	positive_prevalence	average_precision_lift	average_precision_enrichment	brier_score	precision_at_top_10	recall_at_top_10	precision_at_top_25	recall_at_top_25	precision_at_top_100	recall_at_top_100	n_backbones	n_positive
lower_half_knownness	support_synergy_priority	named_model	21	5	5	ok	0.9330611367787688	0.6189320037352111	0.0828282828282828	0.5361037209069283	7.472471752412914	0.1212987474076669	0.9	0.2195121951219512	0.6	0.3658536585365853	0.36	0.8780487804878049	495	41
lower_half_knownness	bio_clean_priority	named_model	4	5	5	ok	0.7182228430213817	0.2217366301023727	0.0828282828282828	0.1389083472740899	2.6770641926993783	0.0747246750684353	0.2	0.048780487804878	0.32	0.1951219512195122	0.21	0.5121951219512195	495	41
lower_half_knownness	natural_auc_priority	named_model	9	5	5	ok	0.8124529923713334	0.3608492959334274	0.0828282828282828	0.2780210131051446	4.356595158220648	0.0660414095201303	0.5	0.1219512195121951	0.44	0.2682926829268293	0.27	0.6585365853658537	495	41
lower_half_knownness	host_transfer_synergy_priority	named_model	14	5	5	ok	0.8217470720962716	0.3707357313499342	0.0828282828282828	0.2879074485216514	4.475955780932132	0.1727216245811523	0.6	0.1463414634146341	0.48	0.2926829268292683	0.25	0.6097560975609756	495	41
lower_half_knownness	baseline_both	named_model	2	5	5	ok	0.9613731599871064	0.7066496978359734	0.0828282828282828	0.6238214150076906	8.531502449483094	0.0338364146073669	0.8	0.1951219512195122	0.84	0.5121951219512195	0.36	0.8780487804878049	495	41
lower_half_knownness	novelty_specialist_priority	novelty_specialist	9	5	5	ok	0.8318469968840657	0.4394597539713022	0.0828282828282828	0.3566314711430194	5.305672639409624	0.0615632731919454	0.8	0.1951219512195122	0.52	0.3170731707317073	0.24	0.5853658536585366	495	41
