pathogen_dataset	priority_group	n_backbones	n_with_any_support	mean_matching_records	median_matching_records	mean_matching_fraction	median_matching_fraction	mean_matching_genes
combined	high	247	108	17109.655870445345	0.0	0.15503656078850586	0.0	1.1538461538461537
combined	low	247	9	1051.3481781376518	0.0	0.014487586894274502	0.0	0.06882591093117409
clinical	high	247	106	14530.198380566802	0.0	0.15511021326550314	0.0	1.1214574898785425
clinical	low	247	9	850.421052631579	0.0	0.015012305527532079	0.0	0.06882591093117409
environmental	high	247	104	2579.4574898785427	0.0	0.11605146266884744	0.0	1.0890688259109311
environmental	low	247	9	200.92712550607288	0.0	0.010746068377120539	0.0	0.06882591093117409
