pathogen_dataset	priority_group	n_backbones	n_with_any_support	mean_matching_records	median_matching_records	mean_matching_fraction	median_matching_fraction	mean_matching_genes
combined	high	247	107	17121.417004048584	0.0	0.1554279451926656	0.0	1.145748987854251
combined	low	247	9	1045.6396761133603	0.0	0.013614678951117414	0.0	0.0728744939271255
clinical	high	247	105	14538.121457489879	0.0	0.1558879608313694	0.0	1.1133603238866396
clinical	low	247	9	833.6275303643724	0.0	0.014136464050858874	0.0	0.0728744939271255
environmental	high	247	104	2583.2955465587042	0.0	0.11673723059525017	0.0	1.0890688259109311
environmental	low	247	9	212.01214574898785	0.0	0.010236357933806353	0.0	0.0728744939271255
