model_name	n_backbones	n_permutations	positive_prevalence	observed_roc_auc	null_roc_auc_mean	null_roc_auc_std	null_roc_auc_q975	empirical_p_roc_auc	observed_average_precision	observed_average_precision_lift	observed_average_precision_enrichment	null_average_precision_mean	null_average_precision_std	null_average_precision_q975	empirical_p_average_precision
support_synergy_priority	989	2000	0.3660262891809909	0.937402521874752	0.5000842673610193	0.0192476949573216	0.5386436331914669	0.0004997501249375	0.896670007911643	0.5306437187306521	2.449742093438162	0.3701685408730465	0.0158698618437382	0.4039669355070867	0.0004997501249375
bio_clean_priority	989	2000	0.3660262891809909	0.7830103888551112	0.49955275714399	0.0192559567259355	0.5370644875624521	0.0004997501249375	0.6631649686284598	0.2971386794474688	1.8117960054517863	0.3699283395466527	0.0152912623728934	0.4012633479350386	0.0004997501249375
full_priority	989	2000	0.3660262891809909	0.948253985037934	0.499761181897486	0.0192946533419862	0.5382514076502155	0.0004997501249375	0.9102004631187948	0.5441741739378038	2.4867078950952703	0.3698599002200297	0.0156827319964767	0.4021862782879861	0.0004997501249375
baseline_both	989	2000	0.3660262891809909	0.9475732903328136	0.5001429447866276	0.0190765197138454	0.539324988765233	0.0004997501249375	0.9081610837399744	0.5421347945589836	2.481136220494019	0.3705836217899965	0.0157147042133073	0.4043952521259691	0.0004997501249375
baseline_country_count	989	2000	0.3660262891809909	0.5414981451620009	0.4996964861614106	0.0190230542977178	0.5374768695973988	0.0184907546226886	0.4545840625686722	0.0885577733876813	1.2419437510508753	0.3700741278753077	0.0155101527955022	0.4025083059287808	0.0004997501249375
source_only	989	2000	0.3660262891809909	0.4687232898922344	0.5004205437627217	0.0194470655654795	0.5374318754571008	0.9475262368815592	0.3459134042138258	-0.020112884967165	0.9450507093024136	0.3704823680324013	0.0157382842992791	0.4025879706264235	0.9475262368815592
