model_name	n_backbones	n_permutations	positive_prevalence	observed_roc_auc	null_roc_auc_mean	null_roc_auc_std	null_roc_auc_q975	empirical_p_roc_auc	observed_average_precision	observed_average_precision_lift	observed_average_precision_enrichment	null_average_precision_mean	null_average_precision_std	null_average_precision_q975	empirical_p_average_precision
bio_clean_priority	989	2000	0.3660262891809909	0.7454289918669099	0.4991991648823213	0.01923171040484003	0.536949881924802	0.0004997501249375312	0.6538034832512319	0.28777719407024105	1.7862200136338906	0.36972157201144557	0.01584395823701921	0.40264043290200013	0.0004997501249375312
parsimonious_priority	989	2000	0.3660262891809909	0.7505793615127724	0.4996307671803819	0.019514118277755402	0.538944658859605	0.0004997501249375312	0.6591153194245379	0.29308903024354704	1.800732184836652	0.3701939729724676	0.01560039100782586	0.40310158731150375	0.0004997501249375312
full_priority	989	2000	0.3660262891809909	0.7747891829020064	0.4992058484672253	0.01918015430958398	0.5377519561711914	0.0004997501249375312	0.6867095570772024	0.3206832678962115	1.8761208617385448	0.369618899668107	0.01529225685453951	0.3993019097726041	0.0004997501249375312
baseline_both	989	2000	0.3660262891809909	0.7224968498594553	0.5005425302016971	0.01901433925992012	0.536974499281856	0.0004997501249375312	0.6471951497145494	0.2811688605335585	1.7681657543306335	0.37079163326484504	0.01567625951668511	0.4034848115147639	0.0004997501249375312
baseline_country_count	989	2000	0.3660262891809909	0.541687594173782	0.49970665913276413	0.019036021891898847	0.5374265885079348	0.017991004497751123	0.45446424969117094	0.08843796051018005	1.241616416973945	0.37010386130574213	0.015530119321602167	0.4026397541634087	0.0004997501249375312
source_only	989	2000	0.3660262891809909	0.45228087798602484	0.5004719769665248	0.01938678512951537	0.5376733678747344	0.991504247876062	0.33889561941036755	-0.02713066977062334	0.9258778110410318	0.37064611297051386	0.015929953729935924	0.4039868758429656	0.9875062468765617
