model_name	feature_name	coefficient	standard_error	coefficient_ci_lower	coefficient_ci_upper	abs_coefficient	direction	n_backbones
bio_clean_priority	orit_support	1.8168159799227093	0.27878007574040925	1.2704170718641588	2.36321488798126	1.8168159799227093	positive	989
bio_clean_priority	H_obs_specialization_norm	0.942562657671686	0.19093823117369266	0.5683306012994653	1.3167947140439067	0.942562657671686	positive	989
bio_clean_priority	T_raw_norm	0.5737450803659514	0.10906562821557442	0.35998037711219	0.7875097836197128	0.5737450803659514	positive	989
bio_clean_priority	A_raw_norm	0.13691073383310565	0.03505440112932565	0.06820537012000717	0.20561609754620414	0.13691073383310565	positive	989
