model_name	feature_name	mean_coefficient	std_coefficient	min_coefficient	max_coefficient	n_fits	positive_fraction	sign_stability	abs_mean_coefficient
bio_clean_priority	orit_support	1.717711279785008	0.13614959728397508	1.474751688268699	1.9583564152210935	25	1.0	positive	1.717711279785008
bio_clean_priority	H_obs_specialization_norm	0.8103601711252796	0.18074400883768937	0.4121949497865416	1.1681227303354393	25	1.0	positive	0.8103601711252796
bio_clean_priority	A_raw_norm	0.5999330993403467	0.520339609948681	0.0029740790242961186	1.2430775297303365	25	1.0	positive	0.5999330993403467
bio_clean_priority	T_raw_norm	0.5753153337167247	0.10135601361447943	0.3271275289269467	0.7462360846780274	25	1.0	positive	0.5753153337167247
