model_name	feature_name	coefficient	standard_error	coefficient_ci_lower	coefficient_ci_upper	abs_coefficient	direction	n_backbones
bio_clean_priority	orit_support	1.801598572623629	0.27936541108655977	1.254052428367745	2.349144716879513	1.801598572623629	positive	989
bio_clean_priority	A_raw_norm	1.0972365569234421	0.27316866920521315	0.5618358035764885	1.6326373102703957	1.0972365569234421	positive	989
bio_clean_priority	H_obs_specialization_norm	0.9307984222234809	0.1906573156958783	0.5571169500704762	1.3044798943764855	0.9307984222234809	positive	989
bio_clean_priority	T_raw_norm	0.5713060206084323	0.10907159889474645	0.3575296150385305	0.785082426178334	0.5713060206084323	positive	989
