model_name	feature_name	mean_coefficient	std_coefficient	min_coefficient	max_coefficient	n_fits	positive_fraction	sign_stability	abs_mean_coefficient
bio_clean_priority	orit_support	1.736786548338123	0.1392141084781239	1.5084081068846047	1.9787307153200573	25	1.0	positive	1.736786548338123
bio_clean_priority	H_obs_specialization_norm	0.8186320302735407	0.18289032050234272	0.4214127738458878	1.2015975057277057	25	1.0	positive	0.8186320302735407
bio_clean_priority	T_raw_norm	0.5813196511750206	0.106418950249717	0.3223190866822341	0.7595549047712534	25	1.0	positive	0.5813196511750206
bio_clean_priority	A_raw_norm	0.1383950189759427	0.030883671985295066	0.0950496779173849	0.22350967349454412	25	1.0	positive	0.1383950189759427
