model_name	null_protocol	selection_scope	selection_reference_model	n_models_in_scope	n_permutations	observed_roc_auc	observed_average_precision	null_roc_auc_mean	null_roc_auc_std	null_roc_auc_q975	selection_adjusted_empirical_p_roc_auc	null_average_precision_mean	null_average_precision_std	null_average_precision_q975	selection_adjusted_empirical_p_average_precision	modal_selected_model_name	modal_selected_model_share
bio_clean_priority	selection_adjusted_official_model_refit	official_model_surface	bio_clean_priority	3	200	0.7454289918669099	0.6538034832512319	0.507696861755091	0.018117425396934905	0.5424659322213117	0.004975124378109453	0.37415106610960636	0.017252061670005012	0.413989692804877	0.004975124378109453	phylo_support_fusion_priority	0.465
phylo_support_fusion_priority	selection_adjusted_official_model_refit	official_model_surface	bio_clean_priority	3	200	0.827152008600104	0.7665387368167496	0.507696861755091	0.018117425396934905	0.5424659322213117	0.004975124378109453	0.37415106610960636	0.017252061670005012	0.413989692804877	0.004975124378109453	phylo_support_fusion_priority	0.465
baseline_both	selection_adjusted_official_model_refit	official_model_surface	bio_clean_priority	3	200	0.7224968498594553	0.6471951497145494	0.507696861755091	0.018117425396934905	0.5424659322213117	0.004975124378109453	0.37415106610960636	0.017252061670005012	0.413989692804877	0.004975124378109453	phylo_support_fusion_priority	0.465
