dominant_source	n_backbones	mean_priority_index	mean_spread_label	mean_coherence
insd_leaning	4216	0.01717894938882647	0.2727272727272727	0.8663261963513098
refseq_leaning	2625	0.34971683694719125	0.37640449438202245	0.8920731985025365
