dominant_source	n_backbones	mean_priority_index	mean_spread_label	mean_coherence
insd_leaning	4216	0.01696624894380568	0.2727272727272727	0.8663261963513098
refseq_leaning	2625	0.34614093508447835	0.37640449438202245	0.8920731985025365
