who_mia_category	high	low	prevalence_delta_high_minus_low
CIA	0.5668016194331984	0.05668016194331984	0.5101214574898786
HIA	0.562753036437247	0.07692307692307693	0.48582995951417
HPCIA	0.3603238866396761	0.08906882591093117	0.27125506072874495
IA	0.08097165991902834	0.008097165991902834	0.0728744939271255
