who_mia_category	high	low	prevalence_delta_high_minus_low
CIA	0.5668016194331984	0.06072874493927125	0.5060728744939271
HIA	0.5668016194331984	0.08906882591093117	0.4777327935222672
HPCIA	0.3724696356275304	0.0931174089068826	0.2793522267206478
IA	0.07692307692307693	0.004048582995951417	0.07287449392712551
